Date,Name,Year,Letterboxd URI
2023-08-09,Saint Maud,2019,https://boxd.it/l8QA
2023-08-09,The Night House,2020,https://boxd.it/jZze
2023-08-09,Jacob's Ladder,1990,https://boxd.it/270g
2023-08-09,What Ever Happened to Baby Jane?,1962,https://boxd.it/1WJE
2023-08-09,Relic,2020,https://boxd.it/jEwS
2023-08-09,The Innocents,2021,https://boxd.it/oAlc
2023-08-09,Gretel & Hansel,2020,https://boxd.it/jLOk
2023-08-09,They/Them,2022,https://boxd.it/uLWU
2023-08-10,Top Gun: Maverick,2022,https://boxd.it/cjr4
2023-08-10,Bohemian Rhapsody,2018,https://boxd.it/f1TK
2023-08-10,Elvis,2022,https://boxd.it/mK4w
2023-08-10,Citizen Kane,1941,https://boxd.it/71O
2023-08-10,Casablanca,1942,https://boxd.it/2aG0
2023-08-10,Rocketman,2019,https://boxd.it/iehK
2023-08-10,Whiplash,2014,https://boxd.it/7bQA
2023-08-10,Little Women,2019,https://boxd.it/aSVk
2023-08-10,RRR,2022,https://boxd.it/ljDs
2023-08-10,Indiana Jones and the Dial of Destiny,2023,https://boxd.it/b8vM
2023-08-10,The Fast and the Furious,2001,https://boxd.it/1XMu
2023-08-10,Metropolis,1927,https://boxd.it/71a
2023-08-10,Normal People,2020,https://boxd.it/q2VY
2023-08-10,No Hard Feelings,2023,https://boxd.it/xouu
2023-08-10,Close,2022,https://boxd.it/y4qa
2023-08-10,Amsterdam,2022,https://boxd.it/oJ58
2023-08-10,Furious 7,2015,https://boxd.it/5cVs
2023-08-10,Fast Five,2011,https://boxd.it/BgO
2023-08-10,The Woman King,2022,https://boxd.it/r9a8
2023-08-10,Fast X,2023,https://boxd.it/drIu
2023-08-10,Fast & Furious Presents: Hobbs & Shaw,2019,https://boxd.it/dnDA
2023-08-10,The Good Dinosaur,2015,https://boxd.it/3AD4
2023-08-10,Fast & Furious 6,2013,https://boxd.it/2UG6
2023-08-10,The Fate of the Furious,2017,https://boxd.it/bbCw
2023-08-10,Fast & Furious,2009,https://boxd.it/1Pnm
2023-08-10,The Artist,2011,https://boxd.it/2AwK
2023-08-10,Tetris,2023,https://boxd.it/rePK
2023-08-10,Moonfall,2022,https://boxd.it/ejwM
2023-08-10,The Color Purple,1985,https://boxd.it/29oO
2023-08-10,Disenchanted,2022,https://boxd.it/bg9E
2023-08-10,Blade,,https://boxd.it/mOS6
2023-08-10,Avengers: Doomsday,2026,https://boxd.it/BVqy
2023-08-10,Avengers: Secret Wars,2027,https://boxd.it/BVqI
2023-08-10,Aftersun,2022,https://boxd.it/Arw0
2023-08-12,Spider-Man: Beyond the Spider-Verse,2027,https://boxd.it/ykgU
2023-08-12,Untitled The Batman Sequel,2027,https://boxd.it/umDy
2023-08-12,Avatar 4,2029,https://boxd.it/6rz4
2023-08-12,Avatar 5,2031,https://boxd.it/dKrC
2023-08-12,John Wick: Chapter 5,,https://boxd.it/roO8
2023-08-12,A Haunting in Venice,2023,https://boxd.it/zGdg
2023-09-05,Teenage Mutant Ninja Turtles: Mutant Mayhem 2,2027,https://boxd.it/HLfs
2023-12-12,Killers of the Flower Moon,2023,https://boxd.it/gHp0
2023-12-15,Deep Sea,2023,https://boxd.it/oRIs
2024-05-02,Spider-Man: Brand New Day,2026,https://boxd.it/ACJE
2024-05-02,Road House,2024,https://boxd.it/cdzQ
2024-05-02,The Shrouds,2024,https://boxd.it/AEZa
2024-07-01,The Killing of a Sacred Deer,2017,https://boxd.it/dZ5G
2024-07-01,Dogtooth,2009,https://boxd.it/158K
2024-07-01,Nimic,2019,https://boxd.it/n10Q
2024-07-08,The Pod Generation,2023,https://boxd.it/xBjY
2024-07-10,How to be a Slut in America,2017,https://boxd.it/hCXI
2024-07-13,We Are Thr3e,2018,https://boxd.it/iuW0
2024-07-19,The Lord of the Rings: The War of the Rohirrim,2024,https://boxd.it/vDNs
2024-07-19,In the Lost Lands,2025,https://boxd.it/ayFc
2024-07-20,Lisa Frankenstein,2024,https://boxd.it/ByjY
2024-07-20,Untitled Jordan Peele Film,,https://boxd.it/FHH4
2024-07-20,Supergirl,2026,https://boxd.it/ESyU
2024-08-22,Lee,2023,https://boxd.it/vpTG
2024-08-22,Hit Man,2023,https://boxd.it/ANB2
2024-08-23,Memories,1995,https://boxd.it/Vz2
2024-08-23,A Self-Made Hero,1996,https://boxd.it/I7Y
2024-08-23,Savage,2018,https://boxd.it/hFdo
2024-08-23,The Bride!,2026,https://boxd.it/HSw6
2024-08-23,Scream 7,2026,https://boxd.it/HRvQ
2024-08-23,The Color Purple,2023,https://boxd.it/ksja
2024-08-23,Fellow Travelers,2023,https://boxd.it/Jdwe
2024-08-23,Babylon,2022,https://boxd.it/mM02
2024-08-23,Smoking Causes Coughing,2022,https://boxd.it/wVl4
2024-08-23,Swallowed,2022,https://boxd.it/w9xG
2024-08-23,The Silent Twins,2022,https://boxd.it/uA6e
2024-08-23,Pig,2021,https://boxd.it/nzoW
2024-08-23,Black Box,2021,https://boxd.it/oGm6
2024-08-23,Firebird,2021,https://boxd.it/u1ei
2024-08-23,Minari,2020,https://boxd.it/mL9M
2024-08-23,Emma.,2020,https://boxd.it/kmg0
2024-08-23,Greenland,2020,https://boxd.it/j1Um
2024-08-23,Lords of War,,https://boxd.it/Gv0E
2024-08-30,Interstate,2024,https://boxd.it/wVn0
2024-09-27,Fruitvale Station,2013,https://boxd.it/4VRy
2024-09-27,The Radleys,2024,https://boxd.it/H6kQ
2024-09-27,Don't Turn Out the Lights,2023,https://boxd.it/IYLI
2024-09-27,The Front Room,2024,https://boxd.it/CqKk
2024-10-16,The Creature from the Black Lagoon,,https://boxd.it/Op0k
2024-10-16,The Brave and the Bold,,https://boxd.it/ESz4
2024-10-16,Swamp Thing,,https://boxd.it/ESzy
2024-10-16,Sicario,2015,https://boxd.it/8i7u
2024-10-16,Dune: Part Three,2026,https://boxd.it/ImWe
2024-10-17,The Innocents,1961,https://boxd.it/1KeY
2024-10-17,The Lodge,2019,https://boxd.it/h2c2
2024-10-17,Lawrence of Arabia,1962,https://boxd.it/2wRE
2024-10-17,12 Angry Men,1957,https://boxd.it/2auI
2024-10-17,A Silent Voice: The Movie,2016,https://boxd.it/d99c
2024-10-17,Seven Samurai,1954,https://boxd.it/2axi
2024-10-17,Your Name.,2016,https://boxd.it/cUqs
2024-10-17,The Handmaiden,2016,https://boxd.it/948A
2024-10-17,Persepolis,2007,https://boxd.it/27DC
2024-10-17,A Simple Plan,1998,https://boxd.it/1WMo
2024-10-17,Green Book,2018,https://boxd.it/hErk
2024-10-18,Wolfwalkers,2020,https://boxd.it/fGrC
2024-10-18,Kung Fu Panda 3,2016,https://boxd.it/4uRQ
2024-10-18,Possession,1981,https://boxd.it/1BPm
2024-10-18,Cruella 2,,https://boxd.it/vyDC
2024-10-18,Shrek 5,2027,https://boxd.it/eUVu
2024-10-18,They Follow,,https://boxd.it/Js9u
2024-10-18,Toy Story 5,2026,https://boxd.it/F06E
2024-10-18,Dracula,,https://boxd.it/tQCo
2024-10-18,Backrooms,2026,https://boxd.it/EY6W
2024-10-18,Wildwood,2026,https://boxd.it/tLD2
2024-10-18,Narnia,2026,https://boxd.it/HoaE
2024-10-18,Frozen III,2027,https://boxd.it/CKqk
2024-10-18,Untitled Chronicles of Narnia Film #2,,https://boxd.it/HoaO
2024-10-18,Moana,2026,https://boxd.it/FYb0
2024-10-18,Mortal Kombat II,2026,https://boxd.it/z6iO
2024-10-18,Untitled Talk to Me Prequel,,https://boxd.it/HSX2
2024-10-18,The Legend of Aang: The Last Airbender,,https://boxd.it/B1BK
2024-10-18,Freakier Friday,2025,https://boxd.it/GxwW
2024-10-18,I Want Your Sex,2026,https://boxd.it/N8by
2024-10-18,The Legend of Zelda,2027,https://boxd.it/IEro
2024-10-18,Incredibles 3,,https://boxd.it/OFoM
2024-10-18,I Am Legend 2,,https://boxd.it/zGpw
2024-10-18,Creed IV,,https://boxd.it/JNAc
2024-10-18,Terrifier 4,,https://boxd.it/Oq1y
2024-10-18,Genies,,https://boxd.it/mRjI
2024-10-18,The Super Mario Galaxy Movie,2026,https://boxd.it/KzPa
2024-10-18,The Lord of the Rings: The Hunt for Gollum,2027,https://boxd.it/FgpC
2024-10-18,The Sims,,https://boxd.it/M5W0
2024-11-13,Revenge,2017,https://boxd.it/gL9g
2024-11-18,The Impossible,2012,https://boxd.it/2N9k
2024-11-18,2 Fast 2 Furious,2003,https://boxd.it/2a4g
2024-11-19,Michael,2026,https://boxd.it/zi5M
2024-11-19,Flowervale Street,2026,https://boxd.it/FF9a
2024-11-19,A Big Bold Beautiful Journey,2025,https://boxd.it/Lcle
2024-11-19,Project Hail Mary,2026,https://boxd.it/pEeQ
2024-11-19,The Odyssey,2026,https://boxd.it/QFQU
2024-11-19,Disclosure Day,2026,https://boxd.it/MDJY
2024-11-19,Masters of the Universe,2026,https://boxd.it/gdKW
2024-11-19,Jumanji 3,2026,https://boxd.it/M3cu
2024-11-19,Street Fighter,2026,https://boxd.it/HEgI
2024-11-19,The Exorcist,2027,https://boxd.it/Nv0S
2024-11-19,Hoppers,2026,https://boxd.it/OFpg
2024-11-19,Ice Age: Boiling Point,2027,https://boxd.it/Rg0c
2024-11-19,Asterix: The Kingdom of Nubia,2026,https://boxd.it/F254
2024-11-19,Godzilla x Kong: Supernova,2027,https://boxd.it/Na58
2024-11-19,Minions & Monsters,2026,https://boxd.it/Odry
2024-11-21,Deerskin,2019,https://boxd.it/lqOW
2024-11-26,In a Violent Nature 2,,https://boxd.it/OrI4
2024-11-26,Parthenope,2024,https://boxd.it/FWo2
2024-12-10,Freaks Out,2021,https://boxd.it/kYWS
2024-12-10,Plastic Guns,2024,https://boxd.it/BPJY
2024-12-17,Clayface,2026,https://boxd.it/RTVm
2024-12-19,Milk & Serial,2024,https://boxd.it/J2Za
2024-12-19,The Holy Mountain,1973,https://boxd.it/20mu
2024-12-26,Unicorn Wars,2022,https://boxd.it/lBma
2025-01-04,Martha Marcy May Marlene,2011,https://boxd.it/CJs
2025-01-04,May December,2023,https://boxd.it/vEE2
2025-01-04,Knit's Island,2023,https://boxd.it/FVze
2025-01-12,A Real Pain,2024,https://boxd.it/CjNG
2025-01-12,Drive-Away Dolls,2024,https://boxd.it/A8vi
2025-01-12,My Old Ass,2024,https://boxd.it/zLP0
2025-01-29,A Complete Unknown,2024,https://boxd.it/oBYa
2025-01-31,Keep an Eye Out,2018,https://boxd.it/h1aY
2025-01-31,Return to Silent Hill,2026,https://boxd.it/po3C
2025-02-06,Die Alone,2024,https://boxd.it/H9z0
2025-02-06,Creep Box,2023,https://boxd.it/K3Gq
2025-02-06,The Worst Person in the World,2021,https://boxd.it/oyws
2025-02-06,Promising Young Woman,2020,https://boxd.it/loRE
2025-02-06,Palm Springs,2020,https://boxd.it/lCXQ
2025-02-06,The Father,2020,https://boxd.it/m8Ie
2025-02-06,Sound of Metal,2019,https://boxd.it/i7Q4
2025-02-06,Nocturnal Animals,2016,https://boxd.it/bkFu
2025-02-06,"I, Tonya",2017,https://boxd.it/dzR0
2025-02-06,Moonrise Kingdom,2012,https://boxd.it/2Wng
2025-02-06,The Holdovers,2023,https://boxd.it/vHza
2025-02-06,The Banshees of Inisherin,2022,https://boxd.it/p7XS
2025-02-06,Chicago,2002,https://boxd.it/28zm
2025-02-06,Rocky Balboa,2006,https://boxd.it/291q
2025-02-06,Kill Bill: The Whole Bloody Affair,2006,https://boxd.it/eCrQ
2025-02-06,Nowhere Boy,2009,https://boxd.it/1flk
2025-02-06,Dreamgirls,2006,https://boxd.it/293m
2025-02-06,Invictus,2009,https://boxd.it/1zPk
2025-02-06,Waltz with Bashir,2008,https://boxd.it/1ZFA
2025-02-06,Animal Friends,2026,https://boxd.it/GatA
2025-02-12,Love Lies Bleeding,2024,https://boxd.it/zN4q
2025-02-12,The Idea of You,2024,https://boxd.it/vOW6
2025-02-12,I'm Still Here,2024,https://boxd.it/BPEO
2025-02-12,Wallace & Gromit: Vengeance Most Fowl,2024,https://boxd.it/z14C
2025-02-12,Humane,2024,https://boxd.it/ypIY
2025-02-18,Another Earth,2011,https://boxd.it/rRA
2025-02-18,Incendies,2010,https://boxd.it/Msm
2025-02-18,The Fighter,2010,https://boxd.it/PP4
2025-02-18,Never Let Me Go,2010,https://boxd.it/Xw0
2025-02-18,Four Lions,2010,https://boxd.it/18do
2025-02-19,Holy Motors,2012,https://boxd.it/3wai
2025-02-19,Mud,2012,https://boxd.it/3wPA
2025-02-19,Rust and Bone,2012,https://boxd.it/3mDE
2025-02-19,Compliance,2012,https://boxd.it/2XNE
2025-02-19,Byzantium,2012,https://boxd.it/3v8q
2025-02-19,Frances Ha,2012,https://boxd.it/41Xg
2025-02-19,Skyfall,2012,https://boxd.it/17Fc
2025-02-19,Les Misérables,2012,https://boxd.it/2TT4
2025-02-19,Anna Karenina,2012,https://boxd.it/3lyy
2025-02-20,The Book of Clarence,2023,https://boxd.it/ASQ2
2025-02-20,Those Who Wish Me Dead,2021,https://boxd.it/lgeu
2025-02-20,Jackie,2016,https://boxd.it/d6bu
2025-02-20,Spencer,2021,https://boxd.it/qPMG
2025-02-22,Treasure Hunters: On the Tracks of Khufu,2025,https://boxd.it/Kdno
2025-02-22,Meet the Leroys,2024,https://boxd.it/Ar6Q
2025-02-25,Frozen IV,,https://boxd.it/JLri
2025-03-03,Desert Flower,2009,https://boxd.it/1eyM
2025-03-04,Unsane,2018,https://boxd.it/gKrS
2025-03-04,Orwell: 2+2=5,2025,https://boxd.it/FyWY
2025-03-04,Full Circle,2023,https://boxd.it/HpFI
2025-03-04,Mother Mary,2026,https://boxd.it/FILw
2025-03-04,Palette,,https://boxd.it/LcFI
2025-03-12,Blue Velvet,1986,https://boxd.it/29BI
2025-03-12,Fallen Angels,1995,https://boxd.it/1UkW
2025-03-12,Cure,1997,https://boxd.it/1blA
2025-03-14,Dynamic Duo,2028,https://boxd.it/Qy08
2025-03-18,Carol,2015,https://boxd.it/7DPK
2025-03-18,Kill Your Darlings,2013,https://boxd.it/4VRS
2025-03-18,Flee,2021,https://boxd.it/ponM
2025-03-18,Great Freedom,2021,https://boxd.it/vwpe
2025-03-18,Only Yesterday,1991,https://boxd.it/1MR4
2025-03-18,The Castle of Cagliostro,1979,https://boxd.it/1Mn4
2025-03-19,O'Dessa,2025,https://boxd.it/EFoC
2025-03-19,Materialists,2025,https://boxd.it/GZlW
2025-03-19,It Comes at Night,2017,https://boxd.it/eLuk
2025-03-20,The Humans,2021,https://boxd.it/lEQM
2025-03-20,The Curse,2023,https://boxd.it/IWYq
2025-03-20,Talk 2 Me,,https://boxd.it/HXPM
2025-03-20,Death Stranding,,https://boxd.it/Ebcw
2025-03-20,The Looming,,https://boxd.it/N88a
2025-03-20,Why Don't You Love Me?,,https://boxd.it/Oawq
2025-03-20,Antarctica,,https://boxd.it/Mt5a
2025-03-20,Saturday Night,2024,https://boxd.it/Gpfo
2025-03-20,Roma,2018,https://boxd.it/f69M
2025-04-01,Miss Mermaid,2026,https://boxd.it/Q5QE
2025-04-03,Caveat,2020,https://boxd.it/rX5M
2025-04-03,Nine Days,2020,https://boxd.it/mqL6
2025-04-03,Come to Daddy,2019,https://boxd.it/lAqK
2025-04-03,Mononoke the Movie: The Phantom in the Rain,2024,https://boxd.it/BoNE
2025-04-03,Your Monster,2024,https://boxd.it/FwOI
2025-04-03,What You Wish For,2023,https://boxd.it/GByC
2025-04-03,Fresh,2022,https://boxd.it/tCNi
2025-04-03,Fréwaka,2024,https://boxd.it/J7CA
2025-04-07,Deliver Us,2023,https://boxd.it/FuWg
2025-04-08,The Sheep Detectives,2026,https://boxd.it/NDSe
2025-04-08,Women on the Verge of a Nervous Breakdown,1988,https://boxd.it/24GI
2025-04-08,Pain and Glory,2019,https://boxd.it/iOBQ
2025-04-08,The Vanishing,1988,https://boxd.it/1ZTW
2025-04-08,Landscape in the Mist,1988,https://boxd.it/JRy
2025-04-08,Three Colours: Blue,1993,https://boxd.it/2b7K
2025-04-08,Three Colours: Red,1994,https://boxd.it/2b7q
2025-04-08,Three Colours: White,1994,https://boxd.it/2b7A
2025-04-08,A Short Film About Killing,1988,https://boxd.it/1VtK
2025-04-08,A Short Film About Love,1988,https://boxd.it/1jXC
2025-04-08,Heathers,1989,https://boxd.it/26x4
2025-04-08,Twin Peaks,1989,https://boxd.it/g8pk
2025-04-08,Do the Right Thing,1989,https://boxd.it/29gA
2025-04-08,Tetsuo: The Iron Man,1989,https://boxd.it/ZoM
2025-04-08,Tetsuo II: Body Hammer,1992,https://boxd.it/1HJY
2025-04-08,Tetsuo: The Bullet Man,2009,https://boxd.it/zZ8
2025-04-08,"sex, lies, and videotape",1989,https://boxd.it/28Oc
2025-04-08,Amadeus,1984,https://boxd.it/2aH8
2025-04-08,After Hours,1985,https://boxd.it/1VfS
2025-04-08,Clue,1985,https://boxd.it/1MDQ
2025-04-08,Once Upon a Time in America,1984,https://boxd.it/2aCs
2025-04-08,Ran,1985,https://boxd.it/1Tlu
2025-04-08,Blow Out,1981,https://boxd.it/1TlE
2025-04-08,Manhunter,1986,https://boxd.it/1TOw
2025-04-08,Empire of the Sun,1987,https://boxd.it/1X4i
2025-04-08,Come and See,1985,https://boxd.it/1w9q
2025-04-08,Boogie Nights,1997,https://boxd.it/23um
2025-04-08,Twin Peaks: The Return,2017,https://boxd.it/hN9O
2025-04-08,Twin Peaks: Fire Walk with Me,1992,https://boxd.it/27Qw
2025-04-08,Beau Travail,1999,https://boxd.it/1NI8
2025-04-08,The Double Life of Véronique,1991,https://boxd.it/28va
2025-04-08,Juliette in Spring,2024,https://boxd.it/BPUi
2025-04-08,About Time,2013,https://boxd.it/43bI
2025-04-16,The Moustache,2005,https://boxd.it/1Jn6
2025-04-18,Warfare,2025,https://boxd.it/LbRo
2025-04-18,After Yang,2021,https://boxd.it/lx5a
2025-04-18,The Last Black Man in San Francisco,2019,https://boxd.it/iWAw
2025-04-18,I Saw the Devil,2010,https://boxd.it/FaK
2025-04-18,Flipped,2010,https://boxd.it/Tb8
2025-04-18,Uncle Boonmee Who Can Recall His Past Lives,2010,https://boxd.it/168Q
2025-04-18,28 Years Later Part 3,,https://boxd.it/MvzG
2025-04-23,Che: Part One,2008,https://boxd.it/1ZGe
2025-04-23,Che: Part Two,2008,https://boxd.it/1ZGo
2025-04-23,The Informant!,2009,https://boxd.it/1U8c
2025-04-25,Ma,2019,https://boxd.it/i8Wi
2025-04-25,King Spawn,,https://boxd.it/gJZE
2025-04-25,Sharp Objects,2018,https://boxd.it/j3NM
2025-04-28,The Raid,2011,https://boxd.it/3hBy
2025-05-01,The Quiet Son,2024,https://boxd.it/GjZU
2025-05-01,Color Out of Space,2019,https://boxd.it/k1HY
2025-05-02,Resident Evil,2026,https://boxd.it/SEXE
2025-05-12,On Swift Horses,2024,https://boxd.it/FkhW
2025-05-12,Titan A.E.,2000,https://boxd.it/20W8
2025-05-12,Sky Captain and the World of Tomorrow,2004,https://boxd.it/23jS
2025-05-12,We Are Who We Are,2020,https://boxd.it/n6GW
2025-05-12,"Synecdoche, New York",2008,https://boxd.it/23zw
2025-05-12,House,1977,https://boxd.it/1vsm
2025-05-12,Humanist Vampire Seeking Consenting Suicidal Person,2023,https://boxd.it/Blzk
2025-05-16,Rushmore,1998,https://boxd.it/1TAO
2025-05-16,The Life List,2025,https://boxd.it/LN3c
2025-05-16,Passages,2023,https://boxd.it/xX9c
2025-05-20,The Only Living Boy in New York,2017,https://boxd.it/3jRe
2025-06-07,Oussekine,2022,https://boxd.it/AOrs
2025-06-11,Rise,2022,https://boxd.it/sZ1Y
2025-06-11,Heart Eyes,2025,https://boxd.it/NHOK
2025-06-13,The Life of Chuck,2024,https://boxd.it/vMTu
2025-06-13,Eat,2012,https://boxd.it/g1JC
2025-06-13,Alpha,2025,https://boxd.it/N008
2025-06-13,Leave One Day,2025,https://boxd.it/MK6k
2025-06-13,The Mastermind,2025,https://boxd.it/Q7ge
2025-06-13,Hot Milk,2025,https://boxd.it/zbyi
2025-06-13,Pillion,2025,https://boxd.it/N6Pw
2025-06-13,"Oh, Hi!",2025,https://boxd.it/PLns
2025-06-13,Atropia,2025,https://boxd.it/L5Km
2025-06-18,How to Train Your Dragon 2,2027,https://boxd.it/U1ks
2025-06-25,"To Live, To Die, To Live Again",2024,https://boxd.it/JaOu
2025-06-25,Infested,2023,https://boxd.it/Egl4
2025-06-25,Sauna,2025,https://boxd.it/O5xS
2025-06-25,Blackmail Boys,2010,https://boxd.it/5ork
2025-07-04,Teen Titans,,https://boxd.it/M26A
2025-07-04,Untitled Wonder Woman Film,,https://boxd.it/VAHy
2025-07-10,Coyote vs. Acme,2026,https://boxd.it/JHdm
2025-07-10,No Other Land,2024,https://boxd.it/KOTG
2025-07-11,Untitled Philippou Brothers Film,,https://boxd.it/TYuk
2025-07-21,Portrait of a Lady on Fire,2019,https://boxd.it/jkPq
2025-07-23,I Married a Strange Person!,1997,https://boxd.it/AcG
2025-07-23,Strings,2004,https://boxd.it/1C9c
2025-07-23,Little Nicholas: Happy as Can Be,2022,https://boxd.it/xKmW
2025-07-23,ChaO,2025,https://boxd.it/SwAs
2025-07-23,When the Wind Blows,1986,https://boxd.it/1VdC
2025-07-23,The Girl Who Leapt Through Time,2006,https://boxd.it/1OPa
2025-07-23,Savages,2024,https://boxd.it/lGeU
2025-08-05,Love Me,2024,https://boxd.it/xgoe
2025-08-09,The New World,2005,https://boxd.it/1TVW
2025-08-12,Ne Zha 3,,https://boxd.it/TUHO
2025-08-12,Weathering with You,2019,https://boxd.it/kPxE
2025-08-12,Suzume,2022,https://boxd.it/yv7Y
2025-08-16,Versa,2025,https://boxd.it/VLos
2025-08-16,Fall of Gods,,https://boxd.it/LMi6
2025-08-16,The Time Runner,,https://boxd.it/LMhW
2025-08-17,"Sorry, Baby",2025,https://boxd.it/JKNi
2025-08-17,Lu Over the Wall,2017,https://boxd.it/ftYy
2025-08-19,Despicable Me 4,2024,https://boxd.it/iOLG
2025-08-19,Look Back,2024,https://boxd.it/LjA6
2025-08-19,Sing Sing,2023,https://boxd.it/HIBA
2025-08-19,Barton Fink,1991,https://boxd.it/2aFQ
2025-08-19,Mimic,1997,https://boxd.it/23zm
2025-08-19,The Omen,1976,https://boxd.it/29By
2025-08-19,The Polar Express,2004,https://boxd.it/23am
2025-08-30,HIM,2025,https://boxd.it/BfYI
2025-09-05,Escape from the 21st Century,2024,https://boxd.it/LcC0
2025-09-16,Alma & the Wolf,2025,https://boxd.it/OJ2U
2025-09-17,The Rembrandt Syndrome,2025,https://boxd.it/BQ30
2025-09-17,The Residence,2025,https://boxd.it/Odjk
2025-09-27,"Don't Worry, I'll be Ok",2024,https://boxd.it/HYdY
2025-09-30,Punch-Drunk Love,2002,https://boxd.it/20E4
2025-09-30,Hard Eight,1996,https://boxd.it/20DU
2025-09-30,Inherent Vice,2014,https://boxd.it/5hla
2025-09-30,All Your Faces,2023,https://boxd.it/BOP2
2025-10-11,Nightmare Alley,2021,https://boxd.it/m0HC
2025-10-11,The Devil's Backbone,2001,https://boxd.it/28Li
2025-10-11,The Autopsy,2022,https://boxd.it/Dkgg
2025-10-25,The Blackcoat's Daughter,2015,https://boxd.it/b2Km
2025-10-25,The Carpenter's Son,2025,https://boxd.it/N40c
2025-10-25,Riverboom,2023,https://boxd.it/IyIy
2025-10-29,Caught Stealing,2025,https://boxd.it/LnyS
2025-10-29,The Ugly Stepsister,2025,https://boxd.it/MZBM
2025-10-30,Final Cut,2022,https://boxd.it/waOe
2025-10-30,One Cut of the Dead,2017,https://boxd.it/iAFu
2025-10-30,La Classe américaine,1993,https://boxd.it/1KL4
2025-10-30,Godard Mon Amour,2017,https://boxd.it/eGLK
2025-10-30,L'infiltrée,2026,https://boxd.it/SAi8
2025-10-30,Harakiri,1962,https://boxd.it/1NTU
2025-10-30,"Paris, Texas",1984,https://boxd.it/29Ts
2025-10-30,Manchester by the Sea,2016,https://boxd.it/b2L0
2025-11-11,Creepshow,1982,https://boxd.it/1KqU
2025-11-11,Cujo,1983,https://boxd.it/1W8o
2025-11-11,Salem's Lot,1979,https://boxd.it/1U58
2025-11-11,Silver Bullet,1985,https://boxd.it/1HTO
2025-11-11,Chapelwaite,2021,https://boxd.it/xQHw
2025-11-13,Hawaii,2013,https://boxd.it/60Xy
2025-11-13,Plan B,2009,https://boxd.it/SlQ
2025-11-13,Dog-Dog,2025,https://boxd.it/UdZs
2025-11-16,Suspendido,,https://boxd.it/MYLm
2025-11-16,Bromance,2016,https://boxd.it/fPwQ
2025-11-16,Weekend,2011,https://boxd.it/2Kzu
2025-11-16,Undertow,2009,https://boxd.it/y6Q
2025-11-16,Paris Is Burning,1990,https://boxd.it/1jzg
2025-11-16,Monster,2023,https://boxd.it/DJEM
2025-11-16,The Gay and Wondrous Life of Caleb Gallo,2016,https://boxd.it/npHY
2025-11-16,Y Tu Mamá También,2001,https://boxd.it/28QM
2025-11-16,Laurence Anyways,2012,https://boxd.it/3HQu
2025-11-16,Don't Ever Wipe Tears Without Gloves,2012,https://boxd.it/6M7A
2025-11-16,Fireworks,2023,https://boxd.it/xG2o
2025-11-16,The Blue Caftan,2022,https://boxd.it/AakQ
2025-11-16,Bijou,1972,https://boxd.it/87IO
2025-11-16,Ammonite,2020,https://boxd.it/kQpQ
2025-11-16,Urbania,2000,https://boxd.it/2FTY
2025-11-16,Smiley Face,2007,https://boxd.it/1QG0
2025-11-16,The Living End,1992,https://boxd.it/1fRA
2025-11-16,Splendor,1999,https://boxd.it/1cLE
2025-11-18,Practical Magic 2,2026,https://boxd.it/NIMA
2025-11-18,Untitled Wild Robot Sequel,,https://boxd.it/QKrA
2025-11-21,A Serious Man,2009,https://boxd.it/1RFW
2025-11-21,Body of Lies,2008,https://boxd.it/1SvS
2025-11-21,A Bigger Splash,2015,https://boxd.it/azgs
2025-11-21,I Am Love,2009,https://boxd.it/10ac
2025-11-25,Krazy House,2024,https://boxd.it/mqQ6
2025-11-26,The Hunger Games: Sunrise on the Reaping,2026,https://boxd.it/NCIM
2025-11-27,Train Dreams,2025,https://boxd.it/LdDo
2025-11-27,Rebuilding,2025,https://boxd.it/JYjm
2025-11-27,Out of Love,2025,https://boxd.it/MK5w
2025-12-17,Memories of Murder,2003,https://boxd.it/1TSo
2025-12-17,Before Sunset,2004,https://boxd.it/2bcg
2025-12-17,Almost Famous,2000,https://boxd.it/29CQ
2025-12-17,Atonement,2007,https://boxd.it/24ui
2025-12-30,Furcy,2025,https://boxd.it/AfHA
2025-12-30,Marty Supreme,2025,https://boxd.it/Off0
2025-12-30,Dogville,2003,https://boxd.it/2a8W
2025-12-30,Alpha Dog,2006,https://boxd.it/20Va
2025-12-31,Five Nights at Freddy's 2,2025,https://boxd.it/KEvY
2025-12-31,Die My Love,2025,https://boxd.it/D5cI
2025-12-31,Sentimental Value,2025,https://boxd.it/GwcG
2025-12-31,The Roses,2025,https://boxd.it/MjnI
2025-12-31,A House of Dynamite,2025,https://boxd.it/NcXc
2025-12-31,The Thursday Murder Club,2025,https://boxd.it/rXju
2025-12-31,The Secret Agent,2025,https://boxd.it/KkUE
2025-12-31,Obsession,2025,https://boxd.it/PNqo
2025-12-31,Resurrection,2025,https://boxd.it/x9DG
2025-12-31,The Lunar Chronicles,2028,https://boxd.it/H4Ok
2025-12-31,Untitled Sonic Universe Film,2028,https://boxd.it/UqLe
2025-12-31,Untitled Illumination Film,2028,https://boxd.it/ZxfO
2025-12-31,The Valley,,https://boxd.it/vfq0
2025-12-31,A Quiet Place Part III,2027,https://boxd.it/Ozne
2025-12-31,Gatto,2027,https://boxd.it/VE9U
2025-12-31,The Simpsons Movie 2,2027,https://boxd.it/XVec
2025-12-31,Gremlins 3,2027,https://boxd.it/SFSA
2025-12-31,Bad Fairies,2027,https://boxd.it/H4Ro
2025-12-31,Untitled Illumination Event film,2027,https://boxd.it/Z7t6
2025-12-31,The Drama,2026,https://boxd.it/OA2w
2025-12-31,Wuthering Heights,2026,https://boxd.it/OdIa
2025-12-31,Werwulf,2026,https://boxd.it/SC72
2025-12-31,The Devil Wears Prada 2,2026,https://boxd.it/Oags
2025-12-31,The Moment,2026,https://boxd.it/SCkg
2025-12-31,Digger,2026,https://boxd.it/LwDC
2025-12-31,Scary Movie,2026,https://boxd.it/MxEo
2025-12-31,Evil Dead Burn,2026,https://boxd.it/K1R2
2025-12-31,The Social Reckoning,2026,https://boxd.it/MRPQ
2025-12-31,The Dog Stars,2026,https://boxd.it/RfZI
2025-12-31,Remain,2027,https://boxd.it/SKze
2025-12-31,Insidious: The Bleeding World,2026,https://boxd.it/Ngwa
2025-12-31,The Death of Robin Hood,2026,https://boxd.it/N08c
2025-12-31,GOAT,2026,https://boxd.it/NvB0
2025-12-31,In the Grey,2026,https://boxd.it/Grji
2025-12-31,Lee Cronin's The Mummy,2026,https://boxd.it/NM9C
2025-12-31,Onslaught,2026,https://boxd.it/MYKI
2025-12-31,Hexed,2026,https://boxd.it/Xit8
2025-12-31,Forgotten Island,2026,https://boxd.it/Uitc
2025-12-31,Sakamoto Days,2026,https://boxd.it/XIQM
2025-12-31,Jim Queen and the Quest for Chloroqueer,2026,https://boxd.it/EaA8
2026-01-02,Shoah,1985,https://boxd.it/XSK
2026-01-02,Chungking Express,1994,https://boxd.it/1UDa
2026-01-02,Audition,1999,https://boxd.it/1UHm
2026-01-02,The Muppet Christmas Carol,1992,https://boxd.it/1WgC
2026-01-02,Wild at Heart,1990,https://boxd.it/2aii
2026-01-02,Cape Fear,1991,https://boxd.it/28vu
2026-01-02,True Romance,1993,https://boxd.it/2aBa
2026-01-02,Sleepless in Seattle,1993,https://boxd.it/29re
2026-01-02,The Straight Story,1999,https://boxd.it/2ass
2026-01-02,A Time to Kill,1996,https://boxd.it/28pc
2026-01-02,Velvet Goldmine,1998,https://boxd.it/2878
2026-01-02,Roofman,2025,https://boxd.it/LcIW
2026-01-02,First Man,2018,https://boxd.it/cPym
2026-01-02,Man of Tomorrow,2027,https://boxd.it/WFRU
2026-01-05,Hidden,2015,https://boxd.it/cgpY
2026-01-06,They Will Kill You,2026,https://boxd.it/Nk5i
2026-01-13,undertone,2025,https://boxd.it/UXeM
2026-01-15,Primate,2025,https://boxd.it/Obz6
2026-01-15,Cold Storage,2026,https://boxd.it/q1FA
2026-01-15,Send Help,2026,https://boxd.it/JuhA
2026-01-15,Verity,2026,https://boxd.it/MYia
2026-01-15,Psycho Killer,2026,https://boxd.it/FSNi
2026-01-15,Godzilla Minus Zero,2026,https://boxd.it/R9dS
2026-01-15,Buddy,2026,https://boxd.it/Wjhq
2026-01-22,Ready or Not 2: Here I Come,2026,https://boxd.it/MfY6
2026-01-22,The Adventures of Cliff Booth,,https://boxd.it/TZdY
2026-01-22,How to Make a Killing,2026,https://boxd.it/gLi8
2026-01-22,Enola Holmes 3,,https://boxd.it/JBrW
2026-01-22,Polaris,,https://boxd.it/vMS2
2026-01-22,You Were Never Really Here,2017,https://boxd.it/dWOS
2026-01-22,Sonic the Hedgehog 4,2027,https://boxd.it/RUSo
2026-01-22,Forbidden Fruits,2026,https://boxd.it/TI9g
2026-01-22,Her Private Hell,,https://boxd.it/UtHY
2026-01-22,Teenage Sex and Death at Camp Miasma,2026,https://boxd.it/L9GS
2026-01-22,The Beatles: Paul,2028,https://boxd.it/LpR8
2026-01-22,Hope,,https://boxd.it/E3vU
2026-01-22,The Beatles: George,2028,https://boxd.it/LpRi
2026-01-22,The Beatles: John,2028,https://boxd.it/LpQY
2026-01-22,The Beatles: Ringo,2028,https://boxd.it/LpRs
2026-01-22,Star Wars: Starfighter,2027,https://boxd.it/Su0s
2026-01-22,Elden Ring,,https://boxd.it/V9Le
2026-01-22,Separate Rooms,,https://boxd.it/LVSW
2026-01-22,The Gallerist,2026,https://boxd.it/R6Xe
2026-01-22,Highlander,,https://boxd.it/bine
2026-01-22,How to Blow Up a Pipeline,2022,https://boxd.it/C69e
2026-01-22,Faces of Death,2026,https://boxd.it/wiLC
2026-01-22,My Hero Academia,,https://boxd.it/r9jO
2026-01-22,Untitled James Bond Film,,https://boxd.it/IWkK
2026-01-22,The Amazing World of Gumball: The Movie!,,https://boxd.it/u1p6
2026-01-22,"Untitled Star Wars ""New Jedi Order"" Film",,https://boxd.it/zQCU
2026-01-22,The Resurrection of the Christ: Part One,2027,https://boxd.it/jnLc
2026-01-22,A Christmas Carol,,https://boxd.it/VChi
2026-01-22,Alpha Gang,,https://boxd.it/qR2g
2026-01-22,Attack of the 50 Foot Woman,,https://boxd.it/L5Ba
2026-01-22,Big Eyes,2014,https://boxd.it/36ms
2026-01-22,Dumbo,2019,https://boxd.it/aNYI
2026-01-22,Untitled Alien: Romulus Sequel,,https://boxd.it/T4VY
2026-01-22,Untitled Now You See Me 4,,https://boxd.it/U0wM
2026-01-22,Smile 3,,https://boxd.it/RKPE
2026-01-22,Untitled KPop Demon Hunters Sequel,,https://boxd.it/Xe0Q
2026-01-22,Animals,,https://boxd.it/KXDC
2026-01-22,Scary Stories to Tell in the Dark 2,,https://boxd.it/SCMO
2026-01-22,The Mortuary Assistant,2026,https://boxd.it/UwbQ
2026-01-22,Untitled X-Men Film,,https://boxd.it/Nlzy
2026-01-22,The Matrix 5,,https://boxd.it/Mm5i
2026-01-22,Watch Dogs,,https://boxd.it/mt08
2026-01-22,The Resurrection of the Christ: Part Two,2027,https://boxd.it/K0Rq
2026-01-22,Let the Evil Go West,,https://boxd.it/N7XG
2026-01-22,Jane,,https://boxd.it/BZWS
2026-01-22,Rapture,,https://boxd.it/UH1C
2026-01-22,Hunchback,,https://boxd.it/lKsG
2026-01-22,Tangled,,https://boxd.it/Y9tA
2026-01-22,Untitled Xavier Dolan Movie Project,,https://boxd.it/OwJ2
2026-01-22,Wife & Dog,2026,https://boxd.it/NcQq
2026-01-22,After,,https://boxd.it/PEpm
2026-01-22,Untitled Blair Witch Film,,https://boxd.it/Gs6a
2026-01-22,Rogue Squadron,,https://boxd.it/KSP4
2026-01-22,Lilo & Stitch 2,,https://boxd.it/VVby
2026-01-22,Untitled A24 Horror Movie,,https://boxd.it/Z1mS
2026-01-22,Untitled Transformers/G.I. Joe Crossover Movie,,https://boxd.it/Myoc
2026-01-22,The Housemaid's Secret,,https://boxd.it/105Xg
2026-01-22,Shang-Chi and the Wreckage of Time,,https://boxd.it/Wzna
2026-01-22,Naruto,,https://boxd.it/YpBg
2026-01-22,Sinkhole,,https://boxd.it/rjE8
2026-01-22,Fall 2,,https://boxd.it/FFT8
2026-01-22,Fall 3,,https://boxd.it/Juhg
2026-01-22,Girl and Wolf,,https://boxd.it/pdKA
2026-01-22,Cubed,,https://boxd.it/ioPM
2026-01-22,Bumblebee 2,,https://boxd.it/n6lO
2026-01-22,Leo 2,,https://boxd.it/KYeI
2026-01-22,Mega Man,,https://boxd.it/owo2
2026-01-22,Untitled Spider-Punk Film,,https://boxd.it/WLLe
2026-01-22,Sherlock Holmes 3,,https://boxd.it/UUgq
2026-01-22,Untitled Chucky Film,,https://boxd.it/MeN2
2026-01-22,Clair Obscur: Expedition 33,,https://boxd.it/OpvC
2026-01-22,Untitled Sci-Fi Rian Johnson Film,,https://boxd.it/Y9aS
2026-01-22,Overlook Hotel,,https://boxd.it/8J98
2026-01-22,The Other People,,https://boxd.it/S7gs
2026-01-22,The Shivering Truth,,https://boxd.it/Ykde
2026-01-22,The Sea Beast 2,,https://boxd.it/Ev1y
2026-01-22,Untitled Animated Ghostbusters Movie,,https://boxd.it/M9MI
2026-01-22,Tut,,https://boxd.it/shJ8
2026-01-22,Wish Dragon 2,,https://boxd.it/100rk
2026-01-22,Astérix et les Douze Travaux,,https://boxd.it/MV0i
2026-01-22,Metal Gear Solid,,https://boxd.it/WHlQ
2026-01-22,The Dead Zone,,https://boxd.it/LAJu
2026-01-22,Tomb Raider 2,,https://boxd.it/GyWG
2026-01-22,Nomadland,2020,https://boxd.it/lnRy
2026-01-22,The Fabelmans,2022,https://boxd.it/ugoM
2026-01-22,Babel,2006,https://boxd.it/292o
2026-01-22,Wicker,2026,https://boxd.it/JlTq
2026-02-05,Couture,2025,https://boxd.it/Rvc8
2026-02-21,If Beale Street Could Talk,2018,https://boxd.it/gGhu
2026-02-21,Chef,2014,https://boxd.it/6lCG
2026-02-21,Elf,2003,https://boxd.it/1VyK
2026-02-21,My Life as a Zucchini,2016,https://boxd.it/dL2y
2026-02-21,Shin Godzilla,2016,https://boxd.it/a9lm
2026-02-21,The Void,2016,https://boxd.it/d93S
2026-02-23,Iron Lung,2026,https://boxd.it/GdtI
2026-02-23,No Other Choice,2025,https://boxd.it/nKiA
2026-02-23,The Florida Project,2017,https://boxd.it/dMG0
2026-02-23,Phantom Thread,2017,https://boxd.it/e4uc
2026-02-23,First Reformed,2017,https://boxd.it/go9C
2026-02-23,Wind River,2017,https://boxd.it/dR3i
2026-02-23,Columbus,2017,https://boxd.it/eCuA
2026-02-23,The Death of Stalin,2017,https://boxd.it/ea9Y
2026-02-23,Logan Lucky,2017,https://boxd.it/dZrs
2026-02-23,Atomic Blonde,2017,https://boxd.it/blDk
2026-02-23,Ghost Stories,2017,https://boxd.it/fdA6
2026-02-23,At Eternity's Gate,2018,https://boxd.it/hI40
2026-02-23,Marriage Story,2019,https://boxd.it/hJAw
2026-02-23,Dark Phoenix,2019,https://boxd.it/anyO
2026-02-24,Rental Family,2025,https://boxd.it/JQOw
2026-02-24,Dracula,2025,https://boxd.it/Lng0
2026-02-24,It Was Just an Accident,2025,https://boxd.it/TX2k
2026-02-24,Twinless,2025,https://boxd.it/LkKc
2026-02-24,The History of Sound,2025,https://boxd.it/xFY2
2026-02-24,Nouvelle Vague,2025,https://boxd.it/LLLQ
2026-02-24,The Woman in the Yard,2025,https://boxd.it/LjXk
2026-02-24,Little Amélie or the Character of Rain,2025,https://boxd.it/prg0
2026-02-24,Ella McCay,2025,https://boxd.it/JLtS
2026-02-24,Small Things Like These,2024,https://boxd.it/FHIm
